"","session.code","participant.code","participant.label","round","voiceInterface","writtenDecision","voiceBase64","baselineBase64","spokenDecision","spokenBaseline","spokenDecision2num","writtenDecision2num","donation","recordings","longitude","latitude","ipAddress","screenWidth","screenHeight","devicePixelRatio","userAgent","Q1"
"1","ey9362jm","05yf5o1b",NA,"1",0,"I donate one points.","...","fwSpl0+xKjG1jCZvjrnroFn9exSObk/AGNv2QrauUaz9BPi+1btpn4cPlFdiUaf1SWRcdGEP2mIl...","","I have read and understand the instructions",NA,1,1,1,"User denied the request for Geolocation.","User denied the request for Geolocation.","130.82.29.23",414,896,1,"I'm a bot",1
"2","ey9362jm","080zoj2f",NA,"1",1,"","XC8Qscnf7Ti3FJOu1LSf5gb0QqfiQvC3yl0U3phsToSwYdSPs7ytMrPhUHUz68zZ11/DdeTd68gO...","fwSpl0+xKjG1jCZvjrnroFn9exSObk/AGNv2QrauUaz9BPi+1btpn4cPlFdiUaf1SWRcdGEP2mIl...","I donate five points.","I have read and understand the instructions",5,NA,5,1,"User denied the request for Geolocation.","User denied the request for Geolocation.","130.82.29.23",414,896,1,"I'm a bot",3
"3","ey9362jm","0mc5rsth",NA,"1",0,"I donate two points.","...","fwSpl0+xKjG1jCZvjrnroFn9exSObk/AGNv2QrauUaz9BPi+1btpn4cPlFdiUaf1SWRcdGEP2mIl...","","I have read and understand the instructions",NA,2,2,1,"User denied the request for Geolocation.","User denied the request for Geolocation.","130.82.29.23",414,896,1,"I'm a bot",4
"4","ey9362jm","0t13qd90",NA,"1",0,"I donate two points.","...","fwSpl0+xKjG1jCZvjrnroFn9exSObk/AGNv2QrauUaz9BPi+1btpn4cPlFdiUaf1SWRcdGEP2mIl...","","I have read and understand the instructions",NA,2,2,1,"User denied the request for Geolocation.","User denied the request for Geolocation.","130.82.29.23",414,896,1,"I'm a bot",1
"5","ey9362jm","0tu7oi3e",NA,"1",1,"","XC8Qscnf7Ti3FJOu1LSf5gb0QqfiQvC3yl0U3phsToSwYdSPs7ytMrPhUHUz68zZ11/DdeTd68gO...","fwSpl0+xKjG1jCZvjrnroFn9exSObk/AGNv2QrauUaz9BPi+1btpn4cPlFdiUaf1SWRcdGEP2mIl...","I donate eight points.","I have read and understand the instructions",8,NA,8,1,"User denied the request for Geolocation.","User denied the request for Geolocation.","130.82.29.23",414,896,1,"I'm a bot",2
"6","ey9362jm","0zdw127e",NA,"1",0,"I donate ten points.","...","fwSpl0+xKjG1jCZvjrnroFn9exSObk/AGNv2QrauUaz9BPi+1btpn4cPlFdiUaf1SWRcdGEP2mIl...","","I have read and understand the instructions",NA,10,10,1,"User denied the request for Geolocation.","User denied the request for Geolocation.","130.82.29.23",414,896,1,"I'm a bot",4
"7","ey9362jm","19hdz5ea",NA,"1",1,"","XC8Qscnf7Ti3FJOu1LSf5gb0QqfiQvC3yl0U3phsToSwYdSPs7ytMrPhUHUz68zZ11/DdeTd68gO...","fwSpl0+xKjG1jCZvjrnroFn9exSObk/AGNv2QrauUaz9BPi+1btpn4cPlFdiUaf1SWRcdGEP2mIl...","I donate one points.","I have read and understand the instructions",1,NA,1,1,"User denied the request for Geolocation.","User denied the request for Geolocation.","130.82.29.23",414,896,1,"I'm a bot",3
"8","ey9362jm","1msk5und",NA,"1",1,"","XC8Qscnf7Ti3FJOu1LSf5gb0QqfiQvC3yl0U3phsToSwYdSPs7ytMrPhUHUz68zZ11/DdeTd68gO...","fwSpl0+xKjG1jCZvjrnroFn9exSObk/AGNv2QrauUaz9BPi+1btpn4cPlFdiUaf1SWRcdGEP2mIl...","I donate four points.","I have read and understand the instructions",4,NA,4,1,"User denied the request for Geolocation.","User denied the request for Geolocation.","130.82.29.23",414,896,1,"I'm a bot",4
"9","ey9362jm","1q7hm3kn",NA,"1",1,"","XC8Qscnf7Ti3FJOu1LSf5gb0QqfiQvC3yl0U3phsToSwYdSPs7ytMrPhUHUz68zZ11/DdeTd68gO...","fwSpl0+xKjG1jCZvjrnroFn9exSObk/AGNv2QrauUaz9BPi+1btpn4cPlFdiUaf1SWRcdGEP2mIl...","I donate three points.","I have read and understand the instructions",3,NA,3,1,"User denied the request for Geolocation.","User denied the request for Geolocation.","130.82.29.23",414,896,1,"I'm a bot",3
"10","ey9362jm","2m3ynpk2",NA,"1",1,"","XC8Qscnf7Ti3FJOu1LSf5gb0QqfiQvC3yl0U3phsToSwYdSPs7ytMrPhUHUz68zZ11/DdeTd68gO...","fwSpl0+xKjG1jCZvjrnroFn9exSObk/AGNv2QrauUaz9BPi+1btpn4cPlFdiUaf1SWRcdGEP2mIl...","I donate one points.","I have read and understand the instructions",1,NA,1,1,"User denied the request for Geolocation.","User denied the request for Geolocation.","130.82.29.23",414,896,1,"I'm a bot",5
"11","ey9362jm","2mtx53qz",NA,"1",0,"I donate two points.","...","fwSpl0+xKjG1jCZvjrnroFn9exSObk/AGNv2QrauUaz9BPi+1btpn4cPlFdiUaf1SWRcdGEP2mIl...","","I have read and understand the instructions",NA,2,2,1,"User denied the request for Geolocation.","User denied the request for Geolocation.","130.82.29.23",414,896,1,"I'm a bot",1
"12","ey9362jm","2yluefq4",NA,"1",1,"","XC8Qscnf7Ti3FJOu1LSf5gb0QqfiQvC3yl0U3phsToSwYdSPs7ytMrPhUHUz68zZ11/DdeTd68gO...","fwSpl0+xKjG1jCZvjrnroFn9exSObk/AGNv2QrauUaz9BPi+1btpn4cPlFdiUaf1SWRcdGEP2mIl...","I donate one points.","I have read and understand the instructions",1,NA,1,1,"User denied the request for Geolocation.","User denied the request for Geolocation.","130.82.29.23",414,896,1,"I'm a bot",5
"13","ey9362jm","3212crb7",NA,"1",0,"I donate eight points.","...","fwSpl0+xKjG1jCZvjrnroFn9exSObk/AGNv2QrauUaz9BPi+1btpn4cPlFdiUaf1SWRcdGEP2mIl...","","I have read and understand the instructions",NA,8,8,1,"User denied the request for Geolocation.","User denied the request for Geolocation.","130.82.29.23",414,896,1,"I'm a bot",1
"14","ey9362jm","35ny32jz",NA,"1",1,"","XC8Qscnf7Ti3FJOu1LSf5gb0QqfiQvC3yl0U3phsToSwYdSPs7ytMrPhUHUz68zZ11/DdeTd68gO...","fwSpl0+xKjG1jCZvjrnroFn9exSObk/AGNv2QrauUaz9BPi+1btpn4cPlFdiUaf1SWRcdGEP2mIl...","I donate seven points.","I have read and understand the instructions",7,NA,7,1,"User denied the request for Geolocation.","User denied the request for Geolocation.","130.82.29.23",414,896,1,"I'm a bot",5
"15","ey9362jm","367iodlj",NA,"1",1,"","XC8Qscnf7Ti3FJOu1LSf5gb0QqfiQvC3yl0U3phsToSwYdSPs7ytMrPhUHUz68zZ11/DdeTd68gO...","fwSpl0+xKjG1jCZvjrnroFn9exSObk/AGNv2QrauUaz9BPi+1btpn4cPlFdiUaf1SWRcdGEP2mIl...","I donate seven points.","I have read and understand the instructions",7,NA,7,1,"User denied the request for Geolocation.","User denied the request for Geolocation.","130.82.29.23",414,896,1,"I'm a bot",2
"16","ey9362jm","37c98tiv",NA,"1",1,"","XC8Qscnf7Ti3FJOu1LSf5gb0QqfiQvC3yl0U3phsToSwYdSPs7ytMrPhUHUz68zZ11/DdeTd68gO...","fwSpl0+xKjG1jCZvjrnroFn9exSObk/AGNv2QrauUaz9BPi+1btpn4cPlFdiUaf1SWRcdGEP2mIl...","I donate five points.","I have read and understand the instructions",5,NA,5,1,"User denied the request for Geolocation.","User denied the request for Geolocation.","130.82.29.23",414,896,1,"I'm a bot",4
"17","ey9362jm","38glghrx",NA,"1",0,"I donate three points.","...","fwSpl0+xKjG1jCZvjrnroFn9exSObk/AGNv2QrauUaz9BPi+1btpn4cPlFdiUaf1SWRcdGEP2mIl...","","I have read and understand the instructions",NA,3,3,1,"User denied the request for Geolocation.","User denied the request for Geolocation.","130.82.29.23",414,896,1,"I'm a bot",1
"18","ey9362jm","3cahttao",NA,"1",0,"I donate two points.","...","fwSpl0+xKjG1jCZvjrnroFn9exSObk/AGNv2QrauUaz9BPi+1btpn4cPlFdiUaf1SWRcdGEP2mIl...","","I have read and understand the instructions",NA,2,2,1,"User denied the request for Geolocation.","User denied the request for Geolocation.","130.82.29.23",414,896,1,"I'm a bot",4
"19","ey9362jm","3ohs0j1x",NA,"1",0,"I donate eight points.","...","fwSpl0+xKjG1jCZvjrnroFn9exSObk/AGNv2QrauUaz9BPi+1btpn4cPlFdiUaf1SWRcdGEP2mIl...","","I have read and understand the instructions",NA,8,8,1,"User denied the request for Geolocation.","User denied the request for Geolocation.","130.82.29.23",414,896,1,"I'm a bot",1
"20","ey9362jm","3st50o9v",NA,"1",0,"I donate two points.","...","fwSpl0+xKjG1jCZvjrnroFn9exSObk/AGNv2QrauUaz9BPi+1btpn4cPlFdiUaf1SWRcdGEP2mIl...","","I have read and understand the instructions",NA,2,2,1,"User denied the request for Geolocation.","User denied the request for Geolocation.","130.82.29.23",414,896,1,"I'm a bot",5
"21","ey9362jm","49pcvnl3",NA,"1",1,"","XC8Qscnf7Ti3FJOu1LSf5gb0QqfiQvC3yl0U3phsToSwYdSPs7ytMrPhUHUz68zZ11/DdeTd68gO...","fwSpl0+xKjG1jCZvjrnroFn9exSObk/AGNv2QrauUaz9BPi+1btpn4cPlFdiUaf1SWRcdGEP2mIl...","I donate four points.","I have read and understand the instructions",4,NA,4,1,"User denied the request for Geolocation.","User denied the request for Geolocation.","130.82.29.23",414,896,1,"I'm a bot",5
"22","ey9362jm","4bsyifhs",NA,"1",0,"I donate one points.","...","fwSpl0+xKjG1jCZvjrnroFn9exSObk/AGNv2QrauUaz9BPi+1btpn4cPlFdiUaf1SWRcdGEP2mIl...","","I have read and understand the instructions",NA,1,1,1,"User denied the request for Geolocation.","User denied the request for Geolocation.","130.82.29.23",414,896,1,"I'm a bot",1
"23","ey9362jm","4ews2v7q",NA,"1",0,"I donate five points.","...","fwSpl0+xKjG1jCZvjrnroFn9exSObk/AGNv2QrauUaz9BPi+1btpn4cPlFdiUaf1SWRcdGEP2mIl...","","I have read and understand the instructions",NA,5,5,1,"User denied the request for Geolocation.","User denied the request for Geolocation.","130.82.29.23",414,896,1,"I'm a bot",1
"24","ey9362jm","4s41z7vs",NA,"1",1,"","XC8Qscnf7Ti3FJOu1LSf5gb0QqfiQvC3yl0U3phsToSwYdSPs7ytMrPhUHUz68zZ11/DdeTd68gO...","fwSpl0+xKjG1jCZvjrnroFn9exSObk/AGNv2QrauUaz9BPi+1btpn4cPlFdiUaf1SWRcdGEP2mIl...","I donate seven points.","I have read and understand the instructions",7,NA,7,1,"User denied the request for Geolocation.","User denied the request for Geolocation.","130.82.29.23",414,896,1,"I'm a bot",2
"25","ey9362jm","4t0g1yvr",NA,"1",0,"I donate six points.","...","fwSpl0+xKjG1jCZvjrnroFn9exSObk/AGNv2QrauUaz9BPi+1btpn4cPlFdiUaf1SWRcdGEP2mIl...","","I have read and understand the instructions",NA,6,6,1,"User denied the request for Geolocation.","User denied the request for Geolocation.","130.82.29.23",414,896,1,"I'm a bot",3
"26","ey9362jm","4x2059t1",NA,"1",1,"","XC8Qscnf7Ti3FJOu1LSf5gb0QqfiQvC3yl0U3phsToSwYdSPs7ytMrPhUHUz68zZ11/DdeTd68gO...","fwSpl0+xKjG1jCZvjrnroFn9exSObk/AGNv2QrauUaz9BPi+1btpn4cPlFdiUaf1SWRcdGEP2mIl...","I donate one points.","I have read and understand the instructions",1,NA,1,1,"User denied the request for Geolocation.","User denied the request for Geolocation.","130.82.29.23",414,896,1,"I'm a bot",1
"27","ey9362jm","51a5q4qj",NA,"1",1,"","XC8Qscnf7Ti3FJOu1LSf5gb0QqfiQvC3yl0U3phsToSwYdSPs7ytMrPhUHUz68zZ11/DdeTd68gO...","fwSpl0+xKjG1jCZvjrnroFn9exSObk/AGNv2QrauUaz9BPi+1btpn4cPlFdiUaf1SWRcdGEP2mIl...","I donate three points.","I have read and understand the instructions",3,NA,3,1,"User denied the request for Geolocation.","User denied the request for Geolocation.","130.82.29.23",414,896,1,"I'm a bot",1
"28","ey9362jm","5pyq25xz",NA,"1",1,"","XC8Qscnf7Ti3FJOu1LSf5gb0QqfiQvC3yl0U3phsToSwYdSPs7ytMrPhUHUz68zZ11/DdeTd68gO...","fwSpl0+xKjG1jCZvjrnroFn9exSObk/AGNv2QrauUaz9BPi+1btpn4cPlFdiUaf1SWRcdGEP2mIl...","I donate nine points.","I have read and understand the instructions",9,NA,9,1,"User denied the request for Geolocation.","User denied the request for Geolocation.","130.82.29.23",414,896,1,"I'm a bot",2
"29","ey9362jm","5vl67fi6",NA,"1",1,"","XC8Qscnf7Ti3FJOu1LSf5gb0QqfiQvC3yl0U3phsToSwYdSPs7ytMrPhUHUz68zZ11/DdeTd68gO...","fwSpl0+xKjG1jCZvjrnroFn9exSObk/AGNv2QrauUaz9BPi+1btpn4cPlFdiUaf1SWRcdGEP2mIl...","I donate seven points.","I have read and understand the instructions",7,NA,7,1,"User denied the request for Geolocation.","User denied the request for Geolocation.","130.82.29.23",414,896,1,"I'm a bot",2
"30","ey9362jm","6heftx9o",NA,"1",1,"","XC8Qscnf7Ti3FJOu1LSf5gb0QqfiQvC3yl0U3phsToSwYdSPs7ytMrPhUHUz68zZ11/DdeTd68gO...","fwSpl0+xKjG1jCZvjrnroFn9exSObk/AGNv2QrauUaz9BPi+1btpn4cPlFdiUaf1SWRcdGEP2mIl...","I donate seven points.","I have read and understand the instructions",7,NA,7,1,"User denied the request for Geolocation.","User denied the request for Geolocation.","130.82.29.23",414,896,1,"I'm a bot",1
"31","ey9362jm","6ku1vq85",NA,"1",0,"I donate six points.","...","fwSpl0+xKjG1jCZvjrnroFn9exSObk/AGNv2QrauUaz9BPi+1btpn4cPlFdiUaf1SWRcdGEP2mIl...","","I have read and understand the instructions",NA,6,6,1,"User denied the request for Geolocation.","User denied the request for Geolocation.","130.82.29.23",414,896,1,"I'm a bot",5
"32","ey9362jm","6y8spob0",NA,"1",0,"I donate eight points.","...","fwSpl0+xKjG1jCZvjrnroFn9exSObk/AGNv2QrauUaz9BPi+1btpn4cPlFdiUaf1SWRcdGEP2mIl...","","I have read and understand the instructions",NA,8,8,1,"User denied the request for Geolocation.","User denied the request for Geolocation.","130.82.29.23",414,896,1,"I'm a bot",5
"33","ey9362jm","796kz16v",NA,"1",0,"I donate nine points.","...","fwSpl0+xKjG1jCZvjrnroFn9exSObk/AGNv2QrauUaz9BPi+1btpn4cPlFdiUaf1SWRcdGEP2mIl...","","I have read and understand the instructions",NA,9,9,1,"User denied the request for Geolocation.","User denied the request for Geolocation.","130.82.29.23",414,896,1,"I'm a bot",2
"34","ey9362jm","7l5esqxo",NA,"1",1,"","XC8Qscnf7Ti3FJOu1LSf5gb0QqfiQvC3yl0U3phsToSwYdSPs7ytMrPhUHUz68zZ11/DdeTd68gO...","fwSpl0+xKjG1jCZvjrnroFn9exSObk/AGNv2QrauUaz9BPi+1btpn4cPlFdiUaf1SWRcdGEP2mIl...","I donate three points.","I have read and understand the instructions",3,NA,3,1,"User denied the request for Geolocation.","User denied the request for Geolocation.","130.82.29.23",414,896,1,"I'm a bot",4
"35","ey9362jm","7usbv225",NA,"1",0,"I donate eight points.","...","fwSpl0+xKjG1jCZvjrnroFn9exSObk/AGNv2QrauUaz9BPi+1btpn4cPlFdiUaf1SWRcdGEP2mIl...","","I have read and understand the instructions",NA,8,8,1,"User denied the request for Geolocation.","User denied the request for Geolocation.","130.82.29.23",414,896,1,"I'm a bot",4
"36","ey9362jm","85mtv7l1",NA,"1",0,"I donate four points.","...","fwSpl0+xKjG1jCZvjrnroFn9exSObk/AGNv2QrauUaz9BPi+1btpn4cPlFdiUaf1SWRcdGEP2mIl...","","I have read and understand the instructions",NA,4,4,1,"User denied the request for Geolocation.","User denied the request for Geolocation.","130.82.29.23",414,896,1,"I'm a bot",4
"37","ey9362jm","8q8lrnse",NA,"1",1,"","XC8Qscnf7Ti3FJOu1LSf5gb0QqfiQvC3yl0U3phsToSwYdSPs7ytMrPhUHUz68zZ11/DdeTd68gO...","fwSpl0+xKjG1jCZvjrnroFn9exSObk/AGNv2QrauUaz9BPi+1btpn4cPlFdiUaf1SWRcdGEP2mIl...","I donate three points.","I have read and understand the instructions",3,NA,3,1,"User denied the request for Geolocation.","User denied the request for Geolocation.","130.82.29.23",414,896,1,"I'm a bot",1
"38","ey9362jm","8xrplb0e",NA,"1",1,"","XC8Qscnf7Ti3FJOu1LSf5gb0QqfiQvC3yl0U3phsToSwYdSPs7ytMrPhUHUz68zZ11/DdeTd68gO...","fwSpl0+xKjG1jCZvjrnroFn9exSObk/AGNv2QrauUaz9BPi+1btpn4cPlFdiUaf1SWRcdGEP2mIl...","I donate two points.","I have read and understand the instructions",2,NA,2,1,"User denied the request for Geolocation.","User denied the request for Geolocation.","130.82.29.23",414,896,1,"I'm a bot",3
"39","ey9362jm","97cerve5",NA,"1",1,"","XC8Qscnf7Ti3FJOu1LSf5gb0QqfiQvC3yl0U3phsToSwYdSPs7ytMrPhUHUz68zZ11/DdeTd68gO...","fwSpl0+xKjG1jCZvjrnroFn9exSObk/AGNv2QrauUaz9BPi+1btpn4cPlFdiUaf1SWRcdGEP2mIl...","I donate ten points.","I have read and understand the instructions",10,NA,10,1,"User denied the request for Geolocation.","User denied the request for Geolocation.","130.82.29.23",414,896,1,"I'm a bot",3
"40","ey9362jm","9jpn239t",NA,"1",1,"","XC8Qscnf7Ti3FJOu1LSf5gb0QqfiQvC3yl0U3phsToSwYdSPs7ytMrPhUHUz68zZ11/DdeTd68gO...","fwSpl0+xKjG1jCZvjrnroFn9exSObk/AGNv2QrauUaz9BPi+1btpn4cPlFdiUaf1SWRcdGEP2mIl...","I donate four points.","I have read and understand the instructions",4,NA,4,1,"User denied the request for Geolocation.","User denied the request for Geolocation.","130.82.29.23",414,896,1,"I'm a bot",5
"41","ey9362jm","9q4gzpj8",NA,"1",1,"","XC8Qscnf7Ti3FJOu1LSf5gb0QqfiQvC3yl0U3phsToSwYdSPs7ytMrPhUHUz68zZ11/DdeTd68gO...","fwSpl0+xKjG1jCZvjrnroFn9exSObk/AGNv2QrauUaz9BPi+1btpn4cPlFdiUaf1SWRcdGEP2mIl...","I donate four points.","I have read and understand the instructions",4,NA,4,1,"User denied the request for Geolocation.","User denied the request for Geolocation.","130.82.29.23",414,896,1,"I'm a bot",4
"42","ey9362jm","a6mxzk7c",NA,"1",0,"I donate seven points.","...","fwSpl0+xKjG1jCZvjrnroFn9exSObk/AGNv2QrauUaz9BPi+1btpn4cPlFdiUaf1SWRcdGEP2mIl...","","I have read and understand the instructions",NA,7,7,1,"User denied the request for Geolocation.","User denied the request for Geolocation.","130.82.29.23",414,896,1,"I'm a bot",5
"43","ey9362jm","a93qvojh",NA,"1",0,"I donate five points.","...","fwSpl0+xKjG1jCZvjrnroFn9exSObk/AGNv2QrauUaz9BPi+1btpn4cPlFdiUaf1SWRcdGEP2mIl...","","I have read and understand the instructions",NA,5,5,1,"User denied the request for Geolocation.","User denied the request for Geolocation.","130.82.29.23",414,896,1,"I'm a bot",3
"44","ey9362jm","aezzengi",NA,"1",0,"I donate two points.","...","fwSpl0+xKjG1jCZvjrnroFn9exSObk/AGNv2QrauUaz9BPi+1btpn4cPlFdiUaf1SWRcdGEP2mIl...","","I have read and understand the instructions",NA,2,2,1,"User denied the request for Geolocation.","User denied the request for Geolocation.","130.82.29.23",414,896,1,"I'm a bot",3
"45","ey9362jm","amsxysw3",NA,"1",1,"","XC8Qscnf7Ti3FJOu1LSf5gb0QqfiQvC3yl0U3phsToSwYdSPs7ytMrPhUHUz68zZ11/DdeTd68gO...","fwSpl0+xKjG1jCZvjrnroFn9exSObk/AGNv2QrauUaz9BPi+1btpn4cPlFdiUaf1SWRcdGEP2mIl...","I donate five points.","I have read and understand the instructions",5,NA,5,1,"User denied the request for Geolocation.","User denied the request for Geolocation.","130.82.29.23",414,896,1,"I'm a bot",1
"46","ey9362jm","biz1r9we",NA,"1",0,"I donate three points.","...","fwSpl0+xKjG1jCZvjrnroFn9exSObk/AGNv2QrauUaz9BPi+1btpn4cPlFdiUaf1SWRcdGEP2mIl...","","I have read and understand the instructions",NA,3,3,1,"User denied the request for Geolocation.","User denied the request for Geolocation.","130.82.29.23",414,896,1,"I'm a bot",2
"47","ey9362jm","bk9phvvq",NA,"1",0,"I donate seven points.","...","fwSpl0+xKjG1jCZvjrnroFn9exSObk/AGNv2QrauUaz9BPi+1btpn4cPlFdiUaf1SWRcdGEP2mIl...","","I have read and understand the instructions",NA,7,7,1,"User denied the request for Geolocation.","User denied the request for Geolocation.","130.82.29.23",414,896,1,"I'm a bot",2
"48","ey9362jm","bqrkoron",NA,"1",0,"I donate three points.","...","fwSpl0+xKjG1jCZvjrnroFn9exSObk/AGNv2QrauUaz9BPi+1btpn4cPlFdiUaf1SWRcdGEP2mIl...","","I have read and understand the instructions",NA,3,3,1,"User denied the request for Geolocation.","User denied the request for Geolocation.","130.82.29.23",414,896,1,"I'm a bot",4
"49","ey9362jm","bwvsn1ni",NA,"1",0,"I donate zero points.","...","fwSpl0+xKjG1jCZvjrnroFn9exSObk/AGNv2QrauUaz9BPi+1btpn4cPlFdiUaf1SWRcdGEP2mIl...","","I have read and understand the instructions",NA,0,0,1,"User denied the request for Geolocation.","User denied the request for Geolocation.","130.82.29.23",414,896,1,"I'm a bot",1
"50","ey9362jm","ckgswu3x",NA,"1",1,"","XC8Qscnf7Ti3FJOu1LSf5gb0QqfiQvC3yl0U3phsToSwYdSPs7ytMrPhUHUz68zZ11/DdeTd68gO...","fwSpl0+xKjG1jCZvjrnroFn9exSObk/AGNv2QrauUaz9BPi+1btpn4cPlFdiUaf1SWRcdGEP2mIl...","I donate one points.","I have read and understand the instructions",1,NA,1,1,"User denied the request for Geolocation.","User denied the request for Geolocation.","130.82.29.23",414,896,1,"I'm a bot",5
"51","ey9362jm","cwn7cntj",NA,"1",0,"I donate two points.","...","fwSpl0+xKjG1jCZvjrnroFn9exSObk/AGNv2QrauUaz9BPi+1btpn4cPlFdiUaf1SWRcdGEP2mIl...","","I have read and understand the instructions",NA,2,2,1,"User denied the request for Geolocation.","User denied the request for Geolocation.","130.82.29.23",414,896,1,"I'm a bot",1
"52","ey9362jm","d4431tko",NA,"1",0,"I donate two points.","...","fwSpl0+xKjG1jCZvjrnroFn9exSObk/AGNv2QrauUaz9BPi+1btpn4cPlFdiUaf1SWRcdGEP2mIl...","","I have read and understand the instructions",NA,2,2,1,"User denied the request for Geolocation.","User denied the request for Geolocation.","130.82.29.23",414,896,1,"I'm a bot",4
"53","ey9362jm","dgj0qnfl",NA,"1",1,"","XC8Qscnf7Ti3FJOu1LSf5gb0QqfiQvC3yl0U3phsToSwYdSPs7ytMrPhUHUz68zZ11/DdeTd68gO...","fwSpl0+xKjG1jCZvjrnroFn9exSObk/AGNv2QrauUaz9BPi+1btpn4cPlFdiUaf1SWRcdGEP2mIl...","I donate four points.","I have read and understand the instructions",4,NA,4,1,"User denied the request for Geolocation.","User denied the request for Geolocation.","130.82.29.23",414,896,1,"I'm a bot",4
"54","ey9362jm","dntdtup9",NA,"1",0,"I donate nine points.","...","fwSpl0+xKjG1jCZvjrnroFn9exSObk/AGNv2QrauUaz9BPi+1btpn4cPlFdiUaf1SWRcdGEP2mIl...","","I have read and understand the instructions",NA,9,9,1,"User denied the request for Geolocation.","User denied the request for Geolocation.","130.82.29.23",414,896,1,"I'm a bot",4
"55","ey9362jm","dvtmq8i0",NA,"1",0,"I donate two points.","...","fwSpl0+xKjG1jCZvjrnroFn9exSObk/AGNv2QrauUaz9BPi+1btpn4cPlFdiUaf1SWRcdGEP2mIl...","","I have read and understand the instructions",NA,2,2,1,"User denied the request for Geolocation.","User denied the request for Geolocation.","130.82.29.23",414,896,1,"I'm a bot",5
"56","ey9362jm","e3cn7vxx",NA,"1",0,"I donate nine points.","...","fwSpl0+xKjG1jCZvjrnroFn9exSObk/AGNv2QrauUaz9BPi+1btpn4cPlFdiUaf1SWRcdGEP2mIl...","","I have read and understand the instructions",NA,9,9,1,"User denied the request for Geolocation.","User denied the request for Geolocation.","130.82.29.23",414,896,1,"I'm a bot",4
"57","ey9362jm","e8mmlo83",NA,"1",1,"","XC8Qscnf7Ti3FJOu1LSf5gb0QqfiQvC3yl0U3phsToSwYdSPs7ytMrPhUHUz68zZ11/DdeTd68gO...","fwSpl0+xKjG1jCZvjrnroFn9exSObk/AGNv2QrauUaz9BPi+1btpn4cPlFdiUaf1SWRcdGEP2mIl...","I donate four points.","I have read and understand the instructions",4,NA,4,1,"User denied the request for Geolocation.","User denied the request for Geolocation.","130.82.29.23",414,896,1,"I'm a bot",1
"58","ey9362jm","earuvdbc",NA,"1",1,"","XC8Qscnf7Ti3FJOu1LSf5gb0QqfiQvC3yl0U3phsToSwYdSPs7ytMrPhUHUz68zZ11/DdeTd68gO...","fwSpl0+xKjG1jCZvjrnroFn9exSObk/AGNv2QrauUaz9BPi+1btpn4cPlFdiUaf1SWRcdGEP2mIl...","I donate two points.","I have read and understand the instructions",2,NA,2,1,"User denied the request for Geolocation.","User denied the request for Geolocation.","130.82.29.23",414,896,1,"I'm a bot",5
"59","ey9362jm","fierp3sx",NA,"1",1,"","XC8Qscnf7Ti3FJOu1LSf5gb0QqfiQvC3yl0U3phsToSwYdSPs7ytMrPhUHUz68zZ11/DdeTd68gO...","fwSpl0+xKjG1jCZvjrnroFn9exSObk/AGNv2QrauUaz9BPi+1btpn4cPlFdiUaf1SWRcdGEP2mIl...","I donate three points.","I have read and understand the instructions",3,NA,3,1,"User denied the request for Geolocation.","User denied the request for Geolocation.","130.82.29.23",414,896,1,"I'm a bot",5
"60","ey9362jm","fslau30n",NA,"1",0,"I donate five points.","...","fwSpl0+xKjG1jCZvjrnroFn9exSObk/AGNv2QrauUaz9BPi+1btpn4cPlFdiUaf1SWRcdGEP2mIl...","","I have read and understand the instructions",NA,5,5,1,"User denied the request for Geolocation.","User denied the request for Geolocation.","130.82.29.23",414,896,1,"I'm a bot",3
"61","ey9362jm","g0h9dnhv",NA,"1",1,"","XC8Qscnf7Ti3FJOu1LSf5gb0QqfiQvC3yl0U3phsToSwYdSPs7ytMrPhUHUz68zZ11/DdeTd68gO...","fwSpl0+xKjG1jCZvjrnroFn9exSObk/AGNv2QrauUaz9BPi+1btpn4cPlFdiUaf1SWRcdGEP2mIl...","I donate zero points.","I have read and understand the instructions",0,NA,0,1,"User denied the request for Geolocation.","User denied the request for Geolocation.","130.82.29.23",414,896,1,"I'm a bot",3
"62","ey9362jm","g4wodsx3",NA,"1",0,"I donate eight points.","...","fwSpl0+xKjG1jCZvjrnroFn9exSObk/AGNv2QrauUaz9BPi+1btpn4cPlFdiUaf1SWRcdGEP2mIl...","","I have read and understand the instructions",NA,8,8,1,"User denied the request for Geolocation.","User denied the request for Geolocation.","130.82.29.23",414,896,1,"I'm a bot",2
"63","ey9362jm","gszngxj8",NA,"1",1,"","XC8Qscnf7Ti3FJOu1LSf5gb0QqfiQvC3yl0U3phsToSwYdSPs7ytMrPhUHUz68zZ11/DdeTd68gO...","fwSpl0+xKjG1jCZvjrnroFn9exSObk/AGNv2QrauUaz9BPi+1btpn4cPlFdiUaf1SWRcdGEP2mIl...","I donate one points.","I have read and understand the instructions",1,NA,1,1,"User denied the request for Geolocation.","User denied the request for Geolocation.","130.82.29.23",414,896,1,"I'm a bot",3
"64","ey9362jm","h4pd2oo7",NA,"1",0,"I donate six points.","...","fwSpl0+xKjG1jCZvjrnroFn9exSObk/AGNv2QrauUaz9BPi+1btpn4cPlFdiUaf1SWRcdGEP2mIl...","","I have read and understand the instructions",NA,6,6,1,"User denied the request for Geolocation.","User denied the request for Geolocation.","130.82.29.23",414,896,1,"I'm a bot",1
"65","ey9362jm","h5je7v03",NA,"1",1,"","XC8Qscnf7Ti3FJOu1LSf5gb0QqfiQvC3yl0U3phsToSwYdSPs7ytMrPhUHUz68zZ11/DdeTd68gO...","fwSpl0+xKjG1jCZvjrnroFn9exSObk/AGNv2QrauUaz9BPi+1btpn4cPlFdiUaf1SWRcdGEP2mIl...","I donate zero points.","I have read and understand the instructions",0,NA,0,1,"User denied the request for Geolocation.","User denied the request for Geolocation.","130.82.29.23",414,896,1,"I'm a bot",1
"66","ey9362jm","h5knhof5",NA,"1",1,"","XC8Qscnf7Ti3FJOu1LSf5gb0QqfiQvC3yl0U3phsToSwYdSPs7ytMrPhUHUz68zZ11/DdeTd68gO...","fwSpl0+xKjG1jCZvjrnroFn9exSObk/AGNv2QrauUaz9BPi+1btpn4cPlFdiUaf1SWRcdGEP2mIl...","I donate three points.","I have read and understand the instructions",3,NA,3,1,"User denied the request for Geolocation.","User denied the request for Geolocation.","130.82.29.23",414,896,1,"I'm a bot",5
"67","ey9362jm","hnt6taeq",NA,"1",0,"I donate one points.","...","fwSpl0+xKjG1jCZvjrnroFn9exSObk/AGNv2QrauUaz9BPi+1btpn4cPlFdiUaf1SWRcdGEP2mIl...","","I have read and understand the instructions",NA,1,1,1,"User denied the request for Geolocation.","User denied the request for Geolocation.","130.82.29.23",414,896,1,"I'm a bot",2
"68","ey9362jm","ho7i9xrs",NA,"1",1,"","XC8Qscnf7Ti3FJOu1LSf5gb0QqfiQvC3yl0U3phsToSwYdSPs7ytMrPhUHUz68zZ11/DdeTd68gO...","fwSpl0+xKjG1jCZvjrnroFn9exSObk/AGNv2QrauUaz9BPi+1btpn4cPlFdiUaf1SWRcdGEP2mIl...","I donate two points.","I have read and understand the instructions",2,NA,2,1,"User denied the request for Geolocation.","User denied the request for Geolocation.","130.82.29.23",414,896,1,"I'm a bot",2
"69","ey9362jm","hvutie0p",NA,"1",1,"","XC8Qscnf7Ti3FJOu1LSf5gb0QqfiQvC3yl0U3phsToSwYdSPs7ytMrPhUHUz68zZ11/DdeTd68gO...","fwSpl0+xKjG1jCZvjrnroFn9exSObk/AGNv2QrauUaz9BPi+1btpn4cPlFdiUaf1SWRcdGEP2mIl...","I donate two points.","I have read and understand the instructions",2,NA,2,1,"User denied the request for Geolocation.","User denied the request for Geolocation.","130.82.29.23",414,896,1,"I'm a bot",2
"70","ey9362jm","hwe42czw",NA,"1",0,"I donate seven points.","...","fwSpl0+xKjG1jCZvjrnroFn9exSObk/AGNv2QrauUaz9BPi+1btpn4cPlFdiUaf1SWRcdGEP2mIl...","","I have read and understand the instructions",NA,7,7,1,"User denied the request for Geolocation.","User denied the request for Geolocation.","130.82.29.23",414,896,1,"I'm a bot",2
"71","ey9362jm","i29e9x5g",NA,"1",0,"I donate eight points.","...","fwSpl0+xKjG1jCZvjrnroFn9exSObk/AGNv2QrauUaz9BPi+1btpn4cPlFdiUaf1SWRcdGEP2mIl...","","I have read and understand the instructions",NA,8,8,1,"User denied the request for Geolocation.","User denied the request for Geolocation.","130.82.29.23",414,896,1,"I'm a bot",1
"72","ey9362jm","i83b1enn",NA,"1",0,"I donate three points.","...","fwSpl0+xKjG1jCZvjrnroFn9exSObk/AGNv2QrauUaz9BPi+1btpn4cPlFdiUaf1SWRcdGEP2mIl...","","I have read and understand the instructions",NA,3,3,1,"User denied the request for Geolocation.","User denied the request for Geolocation.","130.82.29.23",414,896,1,"I'm a bot",3
"73","ey9362jm","ilabphgi",NA,"1",0,"I donate one points.","...","fwSpl0+xKjG1jCZvjrnroFn9exSObk/AGNv2QrauUaz9BPi+1btpn4cPlFdiUaf1SWRcdGEP2mIl...","","I have read and understand the instructions",NA,1,1,1,"User denied the request for Geolocation.","User denied the request for Geolocation.","130.82.29.23",414,896,1,"I'm a bot",3
"74","ey9362jm","iqn5aso6",NA,"1",1,"","XC8Qscnf7Ti3FJOu1LSf5gb0QqfiQvC3yl0U3phsToSwYdSPs7ytMrPhUHUz68zZ11/DdeTd68gO...","fwSpl0+xKjG1jCZvjrnroFn9exSObk/AGNv2QrauUaz9BPi+1btpn4cPlFdiUaf1SWRcdGEP2mIl...","I donate ten points.","I have read and understand the instructions",10,NA,10,1,"User denied the request for Geolocation.","User denied the request for Geolocation.","130.82.29.23",414,896,1,"I'm a bot",5
"75","ey9362jm","iv13er8o",NA,"1",0,"I donate seven points.","...","fwSpl0+xKjG1jCZvjrnroFn9exSObk/AGNv2QrauUaz9BPi+1btpn4cPlFdiUaf1SWRcdGEP2mIl...","","I have read and understand the instructions",NA,7,7,1,"User denied the request for Geolocation.","User denied the request for Geolocation.","130.82.29.23",414,896,1,"I'm a bot",5
"76","ey9362jm","j1qxkfnc",NA,"1",0,"I donate nine points.","...","fwSpl0+xKjG1jCZvjrnroFn9exSObk/AGNv2QrauUaz9BPi+1btpn4cPlFdiUaf1SWRcdGEP2mIl...","","I have read and understand the instructions",NA,9,9,1,"User denied the request for Geolocation.","User denied the request for Geolocation.","130.82.29.23",414,896,1,"I'm a bot",5
"77","ey9362jm","j1wh0yw6",NA,"1",0,"I donate one points.","...","fwSpl0+xKjG1jCZvjrnroFn9exSObk/AGNv2QrauUaz9BPi+1btpn4cPlFdiUaf1SWRcdGEP2mIl...","","I have read and understand the instructions",NA,1,1,1,"User denied the request for Geolocation.","User denied the request for Geolocation.","130.82.29.23",414,896,1,"I'm a bot",3
"78","ey9362jm","j3zw2oew",NA,"1",1,"","XC8Qscnf7Ti3FJOu1LSf5gb0QqfiQvC3yl0U3phsToSwYdSPs7ytMrPhUHUz68zZ11/DdeTd68gO...","fwSpl0+xKjG1jCZvjrnroFn9exSObk/AGNv2QrauUaz9BPi+1btpn4cPlFdiUaf1SWRcdGEP2mIl...","I donate zero points.","I have read and understand the instructions",0,NA,0,1,"User denied the request for Geolocation.","User denied the request for Geolocation.","130.82.29.23",414,896,1,"I'm a bot",3
"79","ey9362jm","jclycd33",NA,"1",0,"I donate seven points.","...","fwSpl0+xKjG1jCZvjrnroFn9exSObk/AGNv2QrauUaz9BPi+1btpn4cPlFdiUaf1SWRcdGEP2mIl...","","I have read and understand the instructions",NA,7,7,1,"User denied the request for Geolocation.","User denied the request for Geolocation.","130.82.29.23",414,896,1,"I'm a bot",3
"80","ey9362jm","jeqj7wfh",NA,"1",1,"","XC8Qscnf7Ti3FJOu1LSf5gb0QqfiQvC3yl0U3phsToSwYdSPs7ytMrPhUHUz68zZ11/DdeTd68gO...","fwSpl0+xKjG1jCZvjrnroFn9exSObk/AGNv2QrauUaz9BPi+1btpn4cPlFdiUaf1SWRcdGEP2mIl...","I donate nine points.","I have read and understand the instructions",9,NA,9,1,"User denied the request for Geolocation.","User denied the request for Geolocation.","130.82.29.23",414,896,1,"I'm a bot",1
"81","ey9362jm","jg28t24t",NA,"1",0,"I donate three points.","...","fwSpl0+xKjG1jCZvjrnroFn9exSObk/AGNv2QrauUaz9BPi+1btpn4cPlFdiUaf1SWRcdGEP2mIl...","","I have read and understand the instructions",NA,3,3,1,"User denied the request for Geolocation.","User denied the request for Geolocation.","130.82.29.23",414,896,1,"I'm a bot",3
"82","ey9362jm","jji8op2b",NA,"1",1,"","XC8Qscnf7Ti3FJOu1LSf5gb0QqfiQvC3yl0U3phsToSwYdSPs7ytMrPhUHUz68zZ11/DdeTd68gO...","fwSpl0+xKjG1jCZvjrnroFn9exSObk/AGNv2QrauUaz9BPi+1btpn4cPlFdiUaf1SWRcdGEP2mIl...","I donate zero points.","I have read and understand the instructions",0,NA,0,1,"User denied the request for Geolocation.","User denied the request for Geolocation.","130.82.29.23",414,896,1,"I'm a bot",4
"83","ey9362jm","joeg337f",NA,"1",0,"I donate ten points.","...","fwSpl0+xKjG1jCZvjrnroFn9exSObk/AGNv2QrauUaz9BPi+1btpn4cPlFdiUaf1SWRcdGEP2mIl...","","I have read and understand the instructions",NA,10,10,1,"User denied the request for Geolocation.","User denied the request for Geolocation.","130.82.29.23",414,896,1,"I'm a bot",3
"84","ey9362jm","k5tzz57o",NA,"1",0,"I donate zero points.","...","fwSpl0+xKjG1jCZvjrnroFn9exSObk/AGNv2QrauUaz9BPi+1btpn4cPlFdiUaf1SWRcdGEP2mIl...","","I have read and understand the instructions",NA,0,0,1,"User denied the request for Geolocation.","User denied the request for Geolocation.","130.82.29.23",414,896,1,"I'm a bot",1
"85","ey9362jm","kd1o7nni",NA,"1",1,"","XC8Qscnf7Ti3FJOu1LSf5gb0QqfiQvC3yl0U3phsToSwYdSPs7ytMrPhUHUz68zZ11/DdeTd68gO...","fwSpl0+xKjG1jCZvjrnroFn9exSObk/AGNv2QrauUaz9BPi+1btpn4cPlFdiUaf1SWRcdGEP2mIl...","I donate eight points.","I have read and understand the instructions",8,NA,8,1,"User denied the request for Geolocation.","User denied the request for Geolocation.","130.82.29.23",414,896,1,"I'm a bot",4
"86","ey9362jm","ki3bpt14",NA,"1",0,"I donate zero points.","...","fwSpl0+xKjG1jCZvjrnroFn9exSObk/AGNv2QrauUaz9BPi+1btpn4cPlFdiUaf1SWRcdGEP2mIl...","","I have read and understand the instructions",NA,0,0,1,"User denied the request for Geolocation.","User denied the request for Geolocation.","130.82.29.23",414,896,1,"I'm a bot",1
"87","ey9362jm","kl4h3jgo",NA,"1",0,"I donate zero points.","...","fwSpl0+xKjG1jCZvjrnroFn9exSObk/AGNv2QrauUaz9BPi+1btpn4cPlFdiUaf1SWRcdGEP2mIl...","","I have read and understand the instructions",NA,0,0,1,"User denied the request for Geolocation.","User denied the request for Geolocation.","130.82.29.23",414,896,1,"I'm a bot",2
"88","ey9362jm","km53jsxa",NA,"1",0,"I donate two points.","...","fwSpl0+xKjG1jCZvjrnroFn9exSObk/AGNv2QrauUaz9BPi+1btpn4cPlFdiUaf1SWRcdGEP2mIl...","","I have read and understand the instructions",NA,2,2,1,"User denied the request for Geolocation.","User denied the request for Geolocation.","130.82.29.23",414,896,1,"I'm a bot",2
"89","ey9362jm","knj23r09",NA,"1",1,"","XC8Qscnf7Ti3FJOu1LSf5gb0QqfiQvC3yl0U3phsToSwYdSPs7ytMrPhUHUz68zZ11/DdeTd68gO...","fwSpl0+xKjG1jCZvjrnroFn9exSObk/AGNv2QrauUaz9BPi+1btpn4cPlFdiUaf1SWRcdGEP2mIl...","I donate zero points.","I have read and understand the instructions",0,NA,0,1,"User denied the request for Geolocation.","User denied the request for Geolocation.","130.82.29.23",414,896,1,"I'm a bot",4
"90","ey9362jm","korauhwj",NA,"1",0,"I donate one points.","...","fwSpl0+xKjG1jCZvjrnroFn9exSObk/AGNv2QrauUaz9BPi+1btpn4cPlFdiUaf1SWRcdGEP2mIl...","","I have read and understand the instructions",NA,1,1,1,"User denied the request for Geolocation.","User denied the request for Geolocation.","130.82.29.23",414,896,1,"I'm a bot",4
"91","ey9362jm","kywe3bqz",NA,"1",1,"","XC8Qscnf7Ti3FJOu1LSf5gb0QqfiQvC3yl0U3phsToSwYdSPs7ytMrPhUHUz68zZ11/DdeTd68gO...","fwSpl0+xKjG1jCZvjrnroFn9exSObk/AGNv2QrauUaz9BPi+1btpn4cPlFdiUaf1SWRcdGEP2mIl...","I donate nine points.","I have read and understand the instructions",9,NA,9,1,"User denied the request for Geolocation.","User denied the request for Geolocation.","130.82.29.23",414,896,1,"I'm a bot",4
"92","ey9362jm","lbsd6qtj",NA,"1",0,"I donate nine points.","...","fwSpl0+xKjG1jCZvjrnroFn9exSObk/AGNv2QrauUaz9BPi+1btpn4cPlFdiUaf1SWRcdGEP2mIl...","","I have read and understand the instructions",NA,9,9,1,"User denied the request for Geolocation.","User denied the request for Geolocation.","130.82.29.23",414,896,1,"I'm a bot",2
"93","ey9362jm","ltzy9yzs",NA,"1",1,"","XC8Qscnf7Ti3FJOu1LSf5gb0QqfiQvC3yl0U3phsToSwYdSPs7ytMrPhUHUz68zZ11/DdeTd68gO...","fwSpl0+xKjG1jCZvjrnroFn9exSObk/AGNv2QrauUaz9BPi+1btpn4cPlFdiUaf1SWRcdGEP2mIl...","I donate seven points.","I have read and understand the instructions",7,NA,7,1,"User denied the request for Geolocation.","User denied the request for Geolocation.","130.82.29.23",414,896,1,"I'm a bot",5
"94","ey9362jm","lvb5yxe6",NA,"1",0,"I donate ten points.","...","fwSpl0+xKjG1jCZvjrnroFn9exSObk/AGNv2QrauUaz9BPi+1btpn4cPlFdiUaf1SWRcdGEP2mIl...","","I have read and understand the instructions",NA,10,10,1,"User denied the request for Geolocation.","User denied the request for Geolocation.","130.82.29.23",414,896,1,"I'm a bot",4
"95","ey9362jm","mp0e3nt2",NA,"1",1,"","XC8Qscnf7Ti3FJOu1LSf5gb0QqfiQvC3yl0U3phsToSwYdSPs7ytMrPhUHUz68zZ11/DdeTd68gO...","fwSpl0+xKjG1jCZvjrnroFn9exSObk/AGNv2QrauUaz9BPi+1btpn4cPlFdiUaf1SWRcdGEP2mIl...","I donate four points.","I have read and understand the instructions",4,NA,4,1,"User denied the request for Geolocation.","User denied the request for Geolocation.","130.82.29.23",414,896,1,"I'm a bot",1
"96","ey9362jm","mrkjbhj0",NA,"1",0,"I donate nine points.","...","fwSpl0+xKjG1jCZvjrnroFn9exSObk/AGNv2QrauUaz9BPi+1btpn4cPlFdiUaf1SWRcdGEP2mIl...","","I have read and understand the instructions",NA,9,9,1,"User denied the request for Geolocation.","User denied the request for Geolocation.","130.82.29.23",414,896,1,"I'm a bot",5
"97","ey9362jm","mukpg2b0",NA,"1",1,"","XC8Qscnf7Ti3FJOu1LSf5gb0QqfiQvC3yl0U3phsToSwYdSPs7ytMrPhUHUz68zZ11/DdeTd68gO...","fwSpl0+xKjG1jCZvjrnroFn9exSObk/AGNv2QrauUaz9BPi+1btpn4cPlFdiUaf1SWRcdGEP2mIl...","I donate six points.","I have read and understand the instructions",6,NA,6,1,"User denied the request for Geolocation.","User denied the request for Geolocation.","130.82.29.23",414,896,1,"I'm a bot",3
"98","ey9362jm","n5bj0xnd",NA,"1",1,"","XC8Qscnf7Ti3FJOu1LSf5gb0QqfiQvC3yl0U3phsToSwYdSPs7ytMrPhUHUz68zZ11/DdeTd68gO...","fwSpl0+xKjG1jCZvjrnroFn9exSObk/AGNv2QrauUaz9BPi+1btpn4cPlFdiUaf1SWRcdGEP2mIl...","I donate ten points.","I have read and understand the instructions",10,NA,10,1,"User denied the request for Geolocation.","User denied the request for Geolocation.","130.82.29.23",414,896,1,"I'm a bot",5
"99","ey9362jm","n76vi3ce",NA,"1",0,"I donate one points.","...","fwSpl0+xKjG1jCZvjrnroFn9exSObk/AGNv2QrauUaz9BPi+1btpn4cPlFdiUaf1SWRcdGEP2mIl...","","I have read and understand the instructions",NA,1,1,1,"User denied the request for Geolocation.","User denied the request for Geolocation.","130.82.29.23",414,896,1,"I'm a bot",2
"100","ey9362jm","na7tepzo",NA,"1",0,"I donate eight points.","...","fwSpl0+xKjG1jCZvjrnroFn9exSObk/AGNv2QrauUaz9BPi+1btpn4cPlFdiUaf1SWRcdGEP2mIl...","","I have read and understand the instructions",NA,8,8,1,"User denied the request for Geolocation.","User denied the request for Geolocation.","130.82.29.23",414,896,1,"I'm a bot",1
"101","ey9362jm","nap3idga",NA,"1",1,"","XC8Qscnf7Ti3FJOu1LSf5gb0QqfiQvC3yl0U3phsToSwYdSPs7ytMrPhUHUz68zZ11/DdeTd68gO...","fwSpl0+xKjG1jCZvjrnroFn9exSObk/AGNv2QrauUaz9BPi+1btpn4cPlFdiUaf1SWRcdGEP2mIl...","I donate eight points.","I have read and understand the instructions",8,NA,8,1,"User denied the request for Geolocation.","User denied the request for Geolocation.","130.82.29.23",414,896,1,"I'm a bot",4
"102","ey9362jm","ndgvjjk7",NA,"1",1,"","XC8Qscnf7Ti3FJOu1LSf5gb0QqfiQvC3yl0U3phsToSwYdSPs7ytMrPhUHUz68zZ11/DdeTd68gO...","fwSpl0+xKjG1jCZvjrnroFn9exSObk/AGNv2QrauUaz9BPi+1btpn4cPlFdiUaf1SWRcdGEP2mIl...","I donate two points.","I have read and understand the instructions",2,NA,2,1,"User denied the request for Geolocation.","User denied the request for Geolocation.","130.82.29.23",414,896,1,"I'm a bot",3
"103","ey9362jm","nfscsmjq",NA,"1",1,"","XC8Qscnf7Ti3FJOu1LSf5gb0QqfiQvC3yl0U3phsToSwYdSPs7ytMrPhUHUz68zZ11/DdeTd68gO...","fwSpl0+xKjG1jCZvjrnroFn9exSObk/AGNv2QrauUaz9BPi+1btpn4cPlFdiUaf1SWRcdGEP2mIl...","I donate ten points.","I have read and understand the instructions",10,NA,10,1,"User denied the request for Geolocation.","User denied the request for Geolocation.","130.82.29.23",414,896,1,"I'm a bot",5
"104","ey9362jm","nkasrpaa",NA,"1",1,"","XC8Qscnf7Ti3FJOu1LSf5gb0QqfiQvC3yl0U3phsToSwYdSPs7ytMrPhUHUz68zZ11/DdeTd68gO...","fwSpl0+xKjG1jCZvjrnroFn9exSObk/AGNv2QrauUaz9BPi+1btpn4cPlFdiUaf1SWRcdGEP2mIl...","I donate six points.","I have read and understand the instructions",6,NA,6,1,"User denied the request for Geolocation.","User denied the request for Geolocation.","130.82.29.23",414,896,1,"I'm a bot",3
"105","ey9362jm","nl7pfroj",NA,"1",1,"","XC8Qscnf7Ti3FJOu1LSf5gb0QqfiQvC3yl0U3phsToSwYdSPs7ytMrPhUHUz68zZ11/DdeTd68gO...","fwSpl0+xKjG1jCZvjrnroFn9exSObk/AGNv2QrauUaz9BPi+1btpn4cPlFdiUaf1SWRcdGEP2mIl...","I donate seven points.","I have read and understand the instructions",7,NA,7,1,"User denied the request for Geolocation.","User denied the request for Geolocation.","130.82.29.23",414,896,1,"I'm a bot",3
"106","ey9362jm","ntpj5z2h",NA,"1",0,"I donate two points.","...","fwSpl0+xKjG1jCZvjrnroFn9exSObk/AGNv2QrauUaz9BPi+1btpn4cPlFdiUaf1SWRcdGEP2mIl...","","I have read and understand the instructions",NA,2,2,1,"User denied the request for Geolocation.","User denied the request for Geolocation.","130.82.29.23",414,896,1,"I'm a bot",4
"107","ey9362jm","nz4qppwb",NA,"1",1,"","XC8Qscnf7Ti3FJOu1LSf5gb0QqfiQvC3yl0U3phsToSwYdSPs7ytMrPhUHUz68zZ11/DdeTd68gO...","fwSpl0+xKjG1jCZvjrnroFn9exSObk/AGNv2QrauUaz9BPi+1btpn4cPlFdiUaf1SWRcdGEP2mIl...","I donate seven points.","I have read and understand the instructions",7,NA,7,1,"User denied the request for Geolocation.","User denied the request for Geolocation.","130.82.29.23",414,896,1,"I'm a bot",5
"108","ey9362jm","o0cjeqw4",NA,"1",1,"","XC8Qscnf7Ti3FJOu1LSf5gb0QqfiQvC3yl0U3phsToSwYdSPs7ytMrPhUHUz68zZ11/DdeTd68gO...","fwSpl0+xKjG1jCZvjrnroFn9exSObk/AGNv2QrauUaz9BPi+1btpn4cPlFdiUaf1SWRcdGEP2mIl...","I donate seven points.","I have read and understand the instructions",7,NA,7,1,"User denied the request for Geolocation.","User denied the request for Geolocation.","130.82.29.23",414,896,1,"I'm a bot",2
"109","ey9362jm","oft0l58g",NA,"1",1,"","XC8Qscnf7Ti3FJOu1LSf5gb0QqfiQvC3yl0U3phsToSwYdSPs7ytMrPhUHUz68zZ11/DdeTd68gO...","fwSpl0+xKjG1jCZvjrnroFn9exSObk/AGNv2QrauUaz9BPi+1btpn4cPlFdiUaf1SWRcdGEP2mIl...","I donate eight points.","I have read and understand the instructions",8,NA,8,1,"User denied the request for Geolocation.","User denied the request for Geolocation.","130.82.29.23",414,896,1,"I'm a bot",1
"110","ey9362jm","ogq24ufv",NA,"1",0,"I donate zero points.","...","fwSpl0+xKjG1jCZvjrnroFn9exSObk/AGNv2QrauUaz9BPi+1btpn4cPlFdiUaf1SWRcdGEP2mIl...","","I have read and understand the instructions",NA,0,0,1,"User denied the request for Geolocation.","User denied the request for Geolocation.","130.82.29.23",414,896,1,"I'm a bot",1
"111","ey9362jm","oxchjjrj",NA,"1",1,"","XC8Qscnf7Ti3FJOu1LSf5gb0QqfiQvC3yl0U3phsToSwYdSPs7ytMrPhUHUz68zZ11/DdeTd68gO...","fwSpl0+xKjG1jCZvjrnroFn9exSObk/AGNv2QrauUaz9BPi+1btpn4cPlFdiUaf1SWRcdGEP2mIl...","I donate eight points.","I have read and understand the instructions",8,NA,8,1,"User denied the request for Geolocation.","User denied the request for Geolocation.","130.82.29.23",414,896,1,"I'm a bot",5
"112","ey9362jm","qchp0nt3",NA,"1",1,"","XC8Qscnf7Ti3FJOu1LSf5gb0QqfiQvC3yl0U3phsToSwYdSPs7ytMrPhUHUz68zZ11/DdeTd68gO...","fwSpl0+xKjG1jCZvjrnroFn9exSObk/AGNv2QrauUaz9BPi+1btpn4cPlFdiUaf1SWRcdGEP2mIl...","I donate seven points.","I have read and understand the instructions",7,NA,7,1,"User denied the request for Geolocation.","User denied the request for Geolocation.","130.82.29.23",414,896,1,"I'm a bot",1
"113","ey9362jm","qkc20b7u",NA,"1",1,"","XC8Qscnf7Ti3FJOu1LSf5gb0QqfiQvC3yl0U3phsToSwYdSPs7ytMrPhUHUz68zZ11/DdeTd68gO...","fwSpl0+xKjG1jCZvjrnroFn9exSObk/AGNv2QrauUaz9BPi+1btpn4cPlFdiUaf1SWRcdGEP2mIl...","I donate nine points.","I have read and understand the instructions",9,NA,9,1,"User denied the request for Geolocation.","User denied the request for Geolocation.","130.82.29.23",414,896,1,"I'm a bot",2
"114","ey9362jm","qt4nwmbc",NA,"1",0,"I donate two points.","...","fwSpl0+xKjG1jCZvjrnroFn9exSObk/AGNv2QrauUaz9BPi+1btpn4cPlFdiUaf1SWRcdGEP2mIl...","","I have read and understand the instructions",NA,2,2,1,"User denied the request for Geolocation.","User denied the request for Geolocation.","130.82.29.23",414,896,1,"I'm a bot",1
"115","ey9362jm","qvdc759j",NA,"1",1,"","XC8Qscnf7Ti3FJOu1LSf5gb0QqfiQvC3yl0U3phsToSwYdSPs7ytMrPhUHUz68zZ11/DdeTd68gO...","fwSpl0+xKjG1jCZvjrnroFn9exSObk/AGNv2QrauUaz9BPi+1btpn4cPlFdiUaf1SWRcdGEP2mIl...","I donate ten points.","I have read and understand the instructions",10,NA,10,1,"User denied the request for Geolocation.","User denied the request for Geolocation.","130.82.29.23",414,896,1,"I'm a bot",1
"116","ey9362jm","r3zryjig",NA,"1",1,"","XC8Qscnf7Ti3FJOu1LSf5gb0QqfiQvC3yl0U3phsToSwYdSPs7ytMrPhUHUz68zZ11/DdeTd68gO...","fwSpl0+xKjG1jCZvjrnroFn9exSObk/AGNv2QrauUaz9BPi+1btpn4cPlFdiUaf1SWRcdGEP2mIl...","I donate seven points.","I have read and understand the instructions",7,NA,7,1,"User denied the request for Geolocation.","User denied the request for Geolocation.","130.82.29.23",414,896,1,"I'm a bot",2
"117","ey9362jm","s0yw83rv",NA,"1",0,"I donate seven points.","...","fwSpl0+xKjG1jCZvjrnroFn9exSObk/AGNv2QrauUaz9BPi+1btpn4cPlFdiUaf1SWRcdGEP2mIl...","","I have read and understand the instructions",NA,7,7,1,"User denied the request for Geolocation.","User denied the request for Geolocation.","130.82.29.23",414,896,1,"I'm a bot",4
"118","ey9362jm","s2i1qzio",NA,"1",0,"I donate two points.","...","fwSpl0+xKjG1jCZvjrnroFn9exSObk/AGNv2QrauUaz9BPi+1btpn4cPlFdiUaf1SWRcdGEP2mIl...","","I have read and understand the instructions",NA,2,2,1,"User denied the request for Geolocation.","User denied the request for Geolocation.","130.82.29.23",414,896,1,"I'm a bot",3
"119","ey9362jm","s2q7uhyq",NA,"1",0,"I donate five points.","...","fwSpl0+xKjG1jCZvjrnroFn9exSObk/AGNv2QrauUaz9BPi+1btpn4cPlFdiUaf1SWRcdGEP2mIl...","","I have read and understand the instructions",NA,5,5,1,"User denied the request for Geolocation.","User denied the request for Geolocation.","130.82.29.23",414,896,1,"I'm a bot",1
"120","ey9362jm","s48f0irg",NA,"1",0,"I donate six points.","...","fwSpl0+xKjG1jCZvjrnroFn9exSObk/AGNv2QrauUaz9BPi+1btpn4cPlFdiUaf1SWRcdGEP2mIl...","","I have read and understand the instructions",NA,6,6,1,"User denied the request for Geolocation.","User denied the request for Geolocation.","130.82.29.23",414,896,1,"I'm a bot",5
"121","ey9362jm","s6dp904x",NA,"1",0,"I donate eight points.","...","fwSpl0+xKjG1jCZvjrnroFn9exSObk/AGNv2QrauUaz9BPi+1btpn4cPlFdiUaf1SWRcdGEP2mIl...","","I have read and understand the instructions",NA,8,8,1,"User denied the request for Geolocation.","User denied the request for Geolocation.","130.82.29.23",414,896,1,"I'm a bot",3
"122","ey9362jm","s6s4hh7j",NA,"1",1,"","XC8Qscnf7Ti3FJOu1LSf5gb0QqfiQvC3yl0U3phsToSwYdSPs7ytMrPhUHUz68zZ11/DdeTd68gO...","fwSpl0+xKjG1jCZvjrnroFn9exSObk/AGNv2QrauUaz9BPi+1btpn4cPlFdiUaf1SWRcdGEP2mIl...","I donate three points.","I have read and understand the instructions",3,NA,3,1,"User denied the request for Geolocation.","User denied the request for Geolocation.","130.82.29.23",414,896,1,"I'm a bot",4
"123","ey9362jm","sdpt8u4c",NA,"1",1,"","XC8Qscnf7Ti3FJOu1LSf5gb0QqfiQvC3yl0U3phsToSwYdSPs7ytMrPhUHUz68zZ11/DdeTd68gO...","fwSpl0+xKjG1jCZvjrnroFn9exSObk/AGNv2QrauUaz9BPi+1btpn4cPlFdiUaf1SWRcdGEP2mIl...","I donate one points.","I have read and understand the instructions",1,NA,1,1,"User denied the request for Geolocation.","User denied the request for Geolocation.","130.82.29.23",414,896,1,"I'm a bot",3
"124","ey9362jm","sgerzmlf",NA,"1",1,"","XC8Qscnf7Ti3FJOu1LSf5gb0QqfiQvC3yl0U3phsToSwYdSPs7ytMrPhUHUz68zZ11/DdeTd68gO...","fwSpl0+xKjG1jCZvjrnroFn9exSObk/AGNv2QrauUaz9BPi+1btpn4cPlFdiUaf1SWRcdGEP2mIl...","I donate three points.","I have read and understand the instructions",3,NA,3,1,"User denied the request for Geolocation.","User denied the request for Geolocation.","130.82.29.23",414,896,1,"I'm a bot",3
"125","ey9362jm","snyznnhm",NA,"1",0,"I donate zero points.","...","fwSpl0+xKjG1jCZvjrnroFn9exSObk/AGNv2QrauUaz9BPi+1btpn4cPlFdiUaf1SWRcdGEP2mIl...","","I have read and understand the instructions",NA,0,0,1,"User denied the request for Geolocation.","User denied the request for Geolocation.","130.82.29.23",414,896,1,"I'm a bot",5
"126","ey9362jm","tsfh1npu",NA,"1",0,"I donate five points.","...","fwSpl0+xKjG1jCZvjrnroFn9exSObk/AGNv2QrauUaz9BPi+1btpn4cPlFdiUaf1SWRcdGEP2mIl...","","I have read and understand the instructions",NA,5,5,1,"User denied the request for Geolocation.","User denied the request for Geolocation.","130.82.29.23",414,896,1,"I'm a bot",5
"127","ey9362jm","uc5z9ove",NA,"1",0,"I donate four points.","...","fwSpl0+xKjG1jCZvjrnroFn9exSObk/AGNv2QrauUaz9BPi+1btpn4cPlFdiUaf1SWRcdGEP2mIl...","","I have read and understand the instructions",NA,4,4,1,"User denied the request for Geolocation.","User denied the request for Geolocation.","130.82.29.23",414,896,1,"I'm a bot",3
"128","ey9362jm","udfhk9xf",NA,"1",1,"","XC8Qscnf7Ti3FJOu1LSf5gb0QqfiQvC3yl0U3phsToSwYdSPs7ytMrPhUHUz68zZ11/DdeTd68gO...","fwSpl0+xKjG1jCZvjrnroFn9exSObk/AGNv2QrauUaz9BPi+1btpn4cPlFdiUaf1SWRcdGEP2mIl...","I donate zero points.","I have read and understand the instructions",0,NA,0,1,"User denied the request for Geolocation.","User denied the request for Geolocation.","130.82.29.23",414,896,1,"I'm a bot",5
"129","ey9362jm","uhl1q3l8",NA,"1",1,"","XC8Qscnf7Ti3FJOu1LSf5gb0QqfiQvC3yl0U3phsToSwYdSPs7ytMrPhUHUz68zZ11/DdeTd68gO...","fwSpl0+xKjG1jCZvjrnroFn9exSObk/AGNv2QrauUaz9BPi+1btpn4cPlFdiUaf1SWRcdGEP2mIl...","I donate zero points.","I have read and understand the instructions",0,NA,0,1,"User denied the request for Geolocation.","User denied the request for Geolocation.","130.82.29.23",414,896,1,"I'm a bot",4
"130","ey9362jm","v6865h1g",NA,"1",1,"","XC8Qscnf7Ti3FJOu1LSf5gb0QqfiQvC3yl0U3phsToSwYdSPs7ytMrPhUHUz68zZ11/DdeTd68gO...","fwSpl0+xKjG1jCZvjrnroFn9exSObk/AGNv2QrauUaz9BPi+1btpn4cPlFdiUaf1SWRcdGEP2mIl...","I donate eight points.","I have read and understand the instructions",8,NA,8,1,"User denied the request for Geolocation.","User denied the request for Geolocation.","130.82.29.23",414,896,1,"I'm a bot",4
"131","ey9362jm","vbix6iis",NA,"1",1,"","XC8Qscnf7Ti3FJOu1LSf5gb0QqfiQvC3yl0U3phsToSwYdSPs7ytMrPhUHUz68zZ11/DdeTd68gO...","fwSpl0+xKjG1jCZvjrnroFn9exSObk/AGNv2QrauUaz9BPi+1btpn4cPlFdiUaf1SWRcdGEP2mIl...","I donate five points.","I have read and understand the instructions",5,NA,5,1,"User denied the request for Geolocation.","User denied the request for Geolocation.","130.82.29.23",414,896,1,"I'm a bot",3
"132","ey9362jm","vh3t9j0p",NA,"1",1,"","XC8Qscnf7Ti3FJOu1LSf5gb0QqfiQvC3yl0U3phsToSwYdSPs7ytMrPhUHUz68zZ11/DdeTd68gO...","fwSpl0+xKjG1jCZvjrnroFn9exSObk/AGNv2QrauUaz9BPi+1btpn4cPlFdiUaf1SWRcdGEP2mIl...","I donate zero points.","I have read and understand the instructions",0,NA,0,1,"User denied the request for Geolocation.","User denied the request for Geolocation.","130.82.29.23",414,896,1,"I'm a bot",5
"133","ey9362jm","w19ebh4m",NA,"1",0,"I donate nine points.","...","fwSpl0+xKjG1jCZvjrnroFn9exSObk/AGNv2QrauUaz9BPi+1btpn4cPlFdiUaf1SWRcdGEP2mIl...","","I have read and understand the instructions",NA,9,9,1,"User denied the request for Geolocation.","User denied the request for Geolocation.","130.82.29.23",414,896,1,"I'm a bot",2
"134","ey9362jm","w5s7s0dt",NA,"1",0,"I donate one points.","...","fwSpl0+xKjG1jCZvjrnroFn9exSObk/AGNv2QrauUaz9BPi+1btpn4cPlFdiUaf1SWRcdGEP2mIl...","","I have read and understand the instructions",NA,1,1,1,"User denied the request for Geolocation.","User denied the request for Geolocation.","130.82.29.23",414,896,1,"I'm a bot",3
"135","ey9362jm","w62r0iwe",NA,"1",0,"I donate five points.","...","fwSpl0+xKjG1jCZvjrnroFn9exSObk/AGNv2QrauUaz9BPi+1btpn4cPlFdiUaf1SWRcdGEP2mIl...","","I have read and understand the instructions",NA,5,5,1,"User denied the request for Geolocation.","User denied the request for Geolocation.","130.82.29.23",414,896,1,"I'm a bot",2
"136","ey9362jm","wagqashv",NA,"1",0,"I donate one points.","...","fwSpl0+xKjG1jCZvjrnroFn9exSObk/AGNv2QrauUaz9BPi+1btpn4cPlFdiUaf1SWRcdGEP2mIl...","","I have read and understand the instructions",NA,1,1,1,"User denied the request for Geolocation.","User denied the request for Geolocation.","130.82.29.23",414,896,1,"I'm a bot",4
"137","ey9362jm","wfvzos10",NA,"1",0,"I donate one points.","...","fwSpl0+xKjG1jCZvjrnroFn9exSObk/AGNv2QrauUaz9BPi+1btpn4cPlFdiUaf1SWRcdGEP2mIl...","","I have read and understand the instructions",NA,1,1,1,"User denied the request for Geolocation.","User denied the request for Geolocation.","130.82.29.23",414,896,1,"I'm a bot",5
"138","ey9362jm","wumcprd8",NA,"1",1,"","XC8Qscnf7Ti3FJOu1LSf5gb0QqfiQvC3yl0U3phsToSwYdSPs7ytMrPhUHUz68zZ11/DdeTd68gO...","fwSpl0+xKjG1jCZvjrnroFn9exSObk/AGNv2QrauUaz9BPi+1btpn4cPlFdiUaf1SWRcdGEP2mIl...","I donate seven points.","I have read and understand the instructions",7,NA,7,1,"User denied the request for Geolocation.","User denied the request for Geolocation.","130.82.29.23",414,896,1,"I'm a bot",4
"139","ey9362jm","xh3qy9cf",NA,"1",0,"I donate eight points.","...","fwSpl0+xKjG1jCZvjrnroFn9exSObk/AGNv2QrauUaz9BPi+1btpn4cPlFdiUaf1SWRcdGEP2mIl...","","I have read and understand the instructions",NA,8,8,1,"User denied the request for Geolocation.","User denied the request for Geolocation.","130.82.29.23",414,896,1,"I'm a bot",4
"140","ey9362jm","xitakqsp",NA,"1",0,"I donate one points.","...","fwSpl0+xKjG1jCZvjrnroFn9exSObk/AGNv2QrauUaz9BPi+1btpn4cPlFdiUaf1SWRcdGEP2mIl...","","I have read and understand the instructions",NA,1,1,1,"User denied the request for Geolocation.","User denied the request for Geolocation.","130.82.29.23",414,896,1,"I'm a bot",2
"141","ey9362jm","xrzubu4o",NA,"1",1,"","XC8Qscnf7Ti3FJOu1LSf5gb0QqfiQvC3yl0U3phsToSwYdSPs7ytMrPhUHUz68zZ11/DdeTd68gO...","fwSpl0+xKjG1jCZvjrnroFn9exSObk/AGNv2QrauUaz9BPi+1btpn4cPlFdiUaf1SWRcdGEP2mIl...","I donate four points.","I have read and understand the instructions",4,NA,4,1,"User denied the request for Geolocation.","User denied the request for Geolocation.","130.82.29.23",414,896,1,"I'm a bot",2
"142","ey9362jm","xts3sjwe",NA,"1",1,"","XC8Qscnf7Ti3FJOu1LSf5gb0QqfiQvC3yl0U3phsToSwYdSPs7ytMrPhUHUz68zZ11/DdeTd68gO...","fwSpl0+xKjG1jCZvjrnroFn9exSObk/AGNv2QrauUaz9BPi+1btpn4cPlFdiUaf1SWRcdGEP2mIl...","I donate nine points.","I have read and understand the instructions",9,NA,9,1,"User denied the request for Geolocation.","User denied the request for Geolocation.","130.82.29.23",414,896,1,"I'm a bot",5
"143","ey9362jm","xwyu2enf",NA,"1",0,"I donate five points.","...","fwSpl0+xKjG1jCZvjrnroFn9exSObk/AGNv2QrauUaz9BPi+1btpn4cPlFdiUaf1SWRcdGEP2mIl...","","I have read and understand the instructions",NA,5,5,1,"User denied the request for Geolocation.","User denied the request for Geolocation.","130.82.29.23",414,896,1,"I'm a bot",4
"144","ey9362jm","xzpo3v28",NA,"1",1,"","XC8Qscnf7Ti3FJOu1LSf5gb0QqfiQvC3yl0U3phsToSwYdSPs7ytMrPhUHUz68zZ11/DdeTd68gO...","fwSpl0+xKjG1jCZvjrnroFn9exSObk/AGNv2QrauUaz9BPi+1btpn4cPlFdiUaf1SWRcdGEP2mIl...","I donate seven points.","I have read and understand the instructions",7,NA,7,1,"User denied the request for Geolocation.","User denied the request for Geolocation.","130.82.29.23",414,896,1,"I'm a bot",1
"145","ey9362jm","yd3nlyw9",NA,"1",1,"","XC8Qscnf7Ti3FJOu1LSf5gb0QqfiQvC3yl0U3phsToSwYdSPs7ytMrPhUHUz68zZ11/DdeTd68gO...","fwSpl0+xKjG1jCZvjrnroFn9exSObk/AGNv2QrauUaz9BPi+1btpn4cPlFdiUaf1SWRcdGEP2mIl...","I donate eight points.","I have read and understand the instructions",8,NA,8,1,"User denied the request for Geolocation.","User denied the request for Geolocation.","130.82.29.23",414,896,1,"I'm a bot",2
"146","ey9362jm","yov24208",NA,"1",1,"","XC8Qscnf7Ti3FJOu1LSf5gb0QqfiQvC3yl0U3phsToSwYdSPs7ytMrPhUHUz68zZ11/DdeTd68gO...","fwSpl0+xKjG1jCZvjrnroFn9exSObk/AGNv2QrauUaz9BPi+1btpn4cPlFdiUaf1SWRcdGEP2mIl...","I donate one points.","I have read and understand the instructions",1,NA,1,1,"User denied the request for Geolocation.","User denied the request for Geolocation.","130.82.29.23",414,896,1,"I'm a bot",5
"147","ey9362jm","yypson7d",NA,"1",0,"I donate nine points.","...","fwSpl0+xKjG1jCZvjrnroFn9exSObk/AGNv2QrauUaz9BPi+1btpn4cPlFdiUaf1SWRcdGEP2mIl...","","I have read and understand the instructions",NA,9,9,1,"User denied the request for Geolocation.","User denied the request for Geolocation.","130.82.29.23",414,896,1,"I'm a bot",3
"148","ey9362jm","z9eelnzl",NA,"1",1,"","XC8Qscnf7Ti3FJOu1LSf5gb0QqfiQvC3yl0U3phsToSwYdSPs7ytMrPhUHUz68zZ11/DdeTd68gO...","fwSpl0+xKjG1jCZvjrnroFn9exSObk/AGNv2QrauUaz9BPi+1btpn4cPlFdiUaf1SWRcdGEP2mIl...","I donate three points.","I have read and understand the instructions",3,NA,3,1,"User denied the request for Geolocation.","User denied the request for Geolocation.","130.82.29.23",414,896,1,"I'm a bot",4
"149","ey9362jm","zmqnlokx",NA,"1",1,"","XC8Qscnf7Ti3FJOu1LSf5gb0QqfiQvC3yl0U3phsToSwYdSPs7ytMrPhUHUz68zZ11/DdeTd68gO...","fwSpl0+xKjG1jCZvjrnroFn9exSObk/AGNv2QrauUaz9BPi+1btpn4cPlFdiUaf1SWRcdGEP2mIl...","I donate ten points.","I have read and understand the instructions",10,NA,10,1,"User denied the request for Geolocation.","User denied the request for Geolocation.","130.82.29.23",414,896,1,"I'm a bot",5
"150","ey9362jm","zrudmczv",NA,"1",0,"I donate eight points.","...","fwSpl0+xKjG1jCZvjrnroFn9exSObk/AGNv2QrauUaz9BPi+1btpn4cPlFdiUaf1SWRcdGEP2mIl...","","I have read and understand the instructions",NA,8,8,1,"User denied the request for Geolocation.","User denied the request for Geolocation.","130.82.29.23",414,896,1,"I'm a bot",4
